-- phpMyAdmin SQL Dump
-- version 5.0.4
-- https://www.phpmyadmin.net/
--
-- Host: 127.0.0.1
-- Generation Time: Sep 03, 2021 at 04:03 AM
-- Server version: 10.4.17-MariaDB
-- PHP Version: 7.4.14

SET SQL_MODE = "NO_AUTO_VALUE_ON_ZERO";
START TRANSACTION;
SET time_zone = "+00:00";


/*!40101 SET @OLD_CHARACTER_SET_CLIENT=@@CHARACTER_SET_CLIENT */;
/*!40101 SET @OLD_CHARACTER_SET_RESULTS=@@CHARACTER_SET_RESULTS */;
/*!40101 SET @OLD_COLLATION_CONNECTION=@@COLLATION_CONNECTION */;
/*!40101 SET NAMES utf8mb4 */;

--
-- Database: `pengaduanmasyarakat`
--

-- --------------------------------------------------------

--
-- Table structure for table `failed_jobs`
--

CREATE TABLE `failed_jobs` (
  `id` bigint(20) UNSIGNED NOT NULL,
  `uuid` varchar(255) COLLATE utf8mb4_unicode_ci NOT NULL,
  `connection` text COLLATE utf8mb4_unicode_ci NOT NULL,
  `queue` text COLLATE utf8mb4_unicode_ci NOT NULL,
  `payload` longtext COLLATE utf8mb4_unicode_ci NOT NULL,
  `exception` longtext COLLATE utf8mb4_unicode_ci NOT NULL,
  `failed_at` timestamp NOT NULL DEFAULT current_timestamp()
) ENGINE=InnoDB DEFAULT CHARSET=utf8mb4 COLLATE=utf8mb4_unicode_ci;

-- --------------------------------------------------------

--
-- Table structure for table `migrations`
--

CREATE TABLE `migrations` (
  `id` int(10) UNSIGNED NOT NULL,
  `migration` varchar(255) COLLATE utf8mb4_unicode_ci NOT NULL,
  `batch` int(11) NOT NULL
) ENGINE=InnoDB DEFAULT CHARSET=utf8mb4 COLLATE=utf8mb4_unicode_ci;

--
-- Dumping data for table `migrations`
--

INSERT INTO `migrations` (`id`, `migration`, `batch`) VALUES
(1, '2014_10_12_000000_create_users_table', 1),
(2, '2014_10_12_100000_create_password_resets_table', 1),
(3, '2019_08_19_000000_create_failed_jobs_table', 1),
(4, '2021_05_19_070900_laratrust_setup_tables', 2),
(5, '2021_05_19_071343_add_more_fields_to_users_table', 3),
(6, '2021_05_19_080728_drop_column_users_table', 4),
(7, '2021_05_20_022909_create_pengaduan_table', 5),
(8, '2021_05_20_023417_create_pengaduan_table', 6),
(9, '2021_05_20_023558_create_tanggapan_table', 7),
(10, '2021_05_21_071713_add_on_delete_tanggapan_table', 8),
(11, '2021_05_21_074508_change_foreign_key_tanggapan_table', 8),
(12, '2021_05_25_065443_add_column_to_users_table', 9),
(13, '2021_05_25_071423_alter_tabel_users', 10),
(14, '2021_05_25_080213_add_on_delete_cascade_pengaduan_table', 11),
(15, '2021_05_25_081047_add_foreign_cascade_pengaduan_table', 12),
(16, '2021_05_27_043419_add_new_column_to_pengaduan_table', 13);

-- --------------------------------------------------------

--
-- Table structure for table `password_resets`
--

CREATE TABLE `password_resets` (
  `email` varchar(255) COLLATE utf8mb4_unicode_ci NOT NULL,
  `token` varchar(255) COLLATE utf8mb4_unicode_ci NOT NULL,
  `created_at` timestamp NULL DEFAULT NULL
) ENGINE=InnoDB DEFAULT CHARSET=utf8mb4 COLLATE=utf8mb4_unicode_ci;

-- --------------------------------------------------------

--
-- Table structure for table `pengaduan`
--

CREATE TABLE `pengaduan` (
  `id_pengaduan` bigint(20) UNSIGNED NOT NULL,
  `tgl_pengaduan` date NOT NULL,
  `id_user` bigint(20) UNSIGNED NOT NULL,
  `isi_laporan` text COLLATE utf8mb4_unicode_ci NOT NULL,
  `foto` varchar(255) COLLATE utf8mb4_unicode_ci NOT NULL,
  `status` enum('0','proses','selesai') COLLATE utf8mb4_unicode_ci NOT NULL,
  `created_at` timestamp NULL DEFAULT NULL,
  `updated_at` timestamp NULL DEFAULT NULL,
  `deleted_at` datetime DEFAULT NULL
) ENGINE=InnoDB DEFAULT CHARSET=utf8mb4 COLLATE=utf8mb4_unicode_ci;

--
-- Dumping data for table `pengaduan`
--

INSERT INTO `pengaduan` (`id_pengaduan`, `tgl_pengaduan`, `id_user`, `isi_laporan`, `foto`, `status`, `created_at`, `updated_at`, `deleted_at`) VALUES
(33, '2021-06-14', 8, 'ada sekelompok orang mencurigakan', '1511147677328.jpg', 'proses', '2021-06-13 19:53:51', '2021-06-13 19:55:00', NULL),
(34, '2021-09-02', 8, 'Ada pemungutan liar(pungli) disekitar alun-alun bandung, sering terjadi ketika malam hari.', 'andy-holmes-DO3BRhe4qEo-unsplash.jpg', 'proses', '2021-09-01 23:28:41', '2021-09-01 23:28:41', NULL);

-- --------------------------------------------------------

--
-- Table structure for table `permissions`
--

CREATE TABLE `permissions` (
  `id` bigint(20) UNSIGNED NOT NULL,
  `name` varchar(255) COLLATE utf8mb4_unicode_ci NOT NULL,
  `display_name` varchar(255) COLLATE utf8mb4_unicode_ci DEFAULT NULL,
  `description` varchar(255) COLLATE utf8mb4_unicode_ci DEFAULT NULL,
  `created_at` timestamp NULL DEFAULT NULL,
  `updated_at` timestamp NULL DEFAULT NULL
) ENGINE=InnoDB DEFAULT CHARSET=utf8mb4 COLLATE=utf8mb4_unicode_ci;

-- --------------------------------------------------------

--
-- Table structure for table `permission_role`
--

CREATE TABLE `permission_role` (
  `permission_id` bigint(20) UNSIGNED NOT NULL,
  `role_id` bigint(20) UNSIGNED NOT NULL
) ENGINE=InnoDB DEFAULT CHARSET=utf8mb4 COLLATE=utf8mb4_unicode_ci;

-- --------------------------------------------------------

--
-- Table structure for table `permission_user`
--

CREATE TABLE `permission_user` (
  `permission_id` bigint(20) UNSIGNED NOT NULL,
  `user_id` bigint(20) UNSIGNED NOT NULL,
  `user_type` varchar(255) COLLATE utf8mb4_unicode_ci NOT NULL
) ENGINE=InnoDB DEFAULT CHARSET=utf8mb4 COLLATE=utf8mb4_unicode_ci;

-- --------------------------------------------------------

--
-- Table structure for table `roles`
--

CREATE TABLE `roles` (
  `id` bigint(20) UNSIGNED NOT NULL,
  `name` varchar(255) COLLATE utf8mb4_unicode_ci NOT NULL,
  `display_name` varchar(255) COLLATE utf8mb4_unicode_ci DEFAULT NULL,
  `description` varchar(255) COLLATE utf8mb4_unicode_ci DEFAULT NULL,
  `created_at` timestamp NULL DEFAULT NULL,
  `updated_at` timestamp NULL DEFAULT NULL
) ENGINE=InnoDB DEFAULT CHARSET=utf8mb4 COLLATE=utf8mb4_unicode_ci;

--
-- Dumping data for table `roles`
--

INSERT INTO `roles` (`id`, `name`, `display_name`, `description`, `created_at`, `updated_at`) VALUES
(1, 'admin', 'Admin', 'Admin', NULL, NULL),
(2, 'petugas', 'Petugas', 'Petugas', NULL, NULL),
(3, 'masyarakat', 'Masyarakat', 'Masyarakat', NULL, NULL);

-- --------------------------------------------------------

--
-- Table structure for table `role_user`
--

CREATE TABLE `role_user` (
  `role_id` bigint(20) UNSIGNED NOT NULL,
  `user_id` bigint(20) UNSIGNED NOT NULL,
  `user_type` varchar(255) COLLATE utf8mb4_unicode_ci NOT NULL
) ENGINE=InnoDB DEFAULT CHARSET=utf8mb4 COLLATE=utf8mb4_unicode_ci;

--
-- Dumping data for table `role_user`
--

INSERT INTO `role_user` (`role_id`, `user_id`, `user_type`) VALUES
(3, 1, 'App\\Models\\User'),
(1, 2, 'App\\Models\\User'),
(2, 3, 'App\\Models\\User'),
(3, 4, 'App\\Models\\User'),
(3, 5, 'App\\Models\\User'),
(3, 6, 'App\\Models\\User'),
(3, 7, 'App\\Models\\User'),
(3, 8, 'App\\Models\\User'),
(2, 9, 'App\\Models\\User'),
(2, 10, 'App\\Models\\User');

-- --------------------------------------------------------

--
-- Table structure for table `tanggapan`
--

CREATE TABLE `tanggapan` (
  `id_tanggapan` bigint(20) UNSIGNED NOT NULL,
  `id_pengaduan` bigint(20) UNSIGNED NOT NULL,
  `tgl_tanggapan` date NOT NULL,
  `tanggapan` text COLLATE utf8mb4_unicode_ci NOT NULL,
  `id_petugas` bigint(20) UNSIGNED NOT NULL,
  `created_at` timestamp NULL DEFAULT NULL,
  `updated_at` timestamp NULL DEFAULT NULL
) ENGINE=InnoDB DEFAULT CHARSET=utf8mb4 COLLATE=utf8mb4_unicode_ci;

-- --------------------------------------------------------

--
-- Table structure for table `users`
--

CREATE TABLE `users` (
  `id` bigint(20) UNSIGNED NOT NULL,
  `name` varchar(255) COLLATE utf8mb4_unicode_ci NOT NULL,
  `email` varchar(255) COLLATE utf8mb4_unicode_ci NOT NULL,
  `email_verified_at` timestamp NULL DEFAULT NULL,
  `password` varchar(255) COLLATE utf8mb4_unicode_ci NOT NULL,
  `remember_token` varchar(100) COLLATE utf8mb4_unicode_ci DEFAULT NULL,
  `created_at` timestamp NULL DEFAULT NULL,
  `updated_at` timestamp NULL DEFAULT NULL,
  `telp` varchar(13) COLLATE utf8mb4_unicode_ci NOT NULL,
  `deleted_at` date DEFAULT NULL
) ENGINE=InnoDB DEFAULT CHARSET=utf8mb4 COLLATE=utf8mb4_unicode_ci;

--
-- Dumping data for table `users`
--

INSERT INTO `users` (`id`, `name`, `email`, `email_verified_at`, `password`, `remember_token`, `created_at`, `updated_at`, `telp`, `deleted_at`) VALUES
(2, 'Yesica Anggraeni', 'yesica@gmail.com', NULL, '$2y$10$FGrUOm/Qxw9f8oVw94CKouU.mkazRB8c5dCXzq6B0SomyWzGJTNcK', NULL, '2021-05-19 02:25:34', '2021-05-19 02:25:34', '089478877732', NULL),
(3, 'Ajeng Maelani', 'ajeng@gmail.com', NULL, '$2y$10$XFiLyn1XBqSh8IXBxaq/T.5YPiz.uGserlYRqlzz7l0OAxUcdZ2qm', NULL, '2021-05-19 02:26:16', '2021-05-19 02:26:16', '088478297833', NULL),
(5, 'Pebi Riyani', 'pebi@gmail.com', NULL, '$2y$10$QsScIZQPZey0//p0dr72Ye3LOtjxQsmArgMX0G5AdIZXKqGe1pIA2', NULL, '2021-05-26 18:36:58', '2021-05-26 18:36:58', '088478297833', NULL),
(6, 'Alma Damayanti', 'alma@gmail.com', NULL, '$2y$10$GcRW2QvlmsLKsT4X4cM/nO9NrilOTCix5PGKbB94jLKlVU2icFjRq', NULL, '2021-05-26 18:44:04', '2021-05-26 18:44:04', '089478877732', NULL),
(7, 'Nadia Damayanti', 'nadia@gmail.com', NULL, '$2y$10$5XaxWY2WX31C/y8OE0jBGOHreIddk7fqjf11G7FKTn.aFZ7hUBobm', NULL, '2021-05-26 18:44:47', '2021-05-26 18:44:47', '089578992322', NULL),
(8, 'Lintang Ramadhani', 'lintang@gmail.com', NULL, '$2y$10$hOMFoRhdQQTIQZhM6CRkXe8kI3WDPZx2T.wxrBr6UXPX1UfOqRGUW', NULL, '2021-05-26 18:45:45', '2021-05-26 18:45:45', '083878999054', NULL);

--
-- Indexes for dumped tables
--

--
-- Indexes for table `failed_jobs`
--
ALTER TABLE `failed_jobs`
  ADD PRIMARY KEY (`id`),
  ADD UNIQUE KEY `failed_jobs_uuid_unique` (`uuid`);

--
-- Indexes for table `migrations`
--
ALTER TABLE `migrations`
  ADD PRIMARY KEY (`id`);

--
-- Indexes for table `password_resets`
--
ALTER TABLE `password_resets`
  ADD KEY `password_resets_email_index` (`email`);

--
-- Indexes for table `pengaduan`
--
ALTER TABLE `pengaduan`
  ADD PRIMARY KEY (`id_pengaduan`),
  ADD KEY `pengaduan_id_user_foreign` (`id_user`);

--
-- Indexes for table `permissions`
--
ALTER TABLE `permissions`
  ADD PRIMARY KEY (`id`),
  ADD UNIQUE KEY `permissions_name_unique` (`name`);

--
-- Indexes for table `permission_role`
--
ALTER TABLE `permission_role`
  ADD PRIMARY KEY (`permission_id`,`role_id`),
  ADD KEY `permission_role_role_id_foreign` (`role_id`);

--
-- Indexes for table `permission_user`
--
ALTER TABLE `permission_user`
  ADD PRIMARY KEY (`user_id`,`permission_id`,`user_type`),
  ADD KEY `permission_user_permission_id_foreign` (`permission_id`);

--
-- Indexes for table `roles`
--
ALTER TABLE `roles`
  ADD PRIMARY KEY (`id`),
  ADD UNIQUE KEY `roles_name_unique` (`name`);

--
-- Indexes for table `role_user`
--
ALTER TABLE `role_user`
  ADD PRIMARY KEY (`user_id`,`role_id`,`user_type`),
  ADD KEY `role_user_role_id_foreign` (`role_id`);

--
-- Indexes for table `tanggapan`
--
ALTER TABLE `tanggapan`
  ADD PRIMARY KEY (`id_tanggapan`),
  ADD KEY `tanggapan_id_petugas_foreign` (`id_petugas`),
  ADD KEY `tanggapan_id_pengaduan_foreign` (`id_pengaduan`);

--
-- Indexes for table `users`
--
ALTER TABLE `users`
  ADD PRIMARY KEY (`id`),
  ADD UNIQUE KEY `users_email_unique` (`email`);

--
-- AUTO_INCREMENT for dumped tables
--

--
-- AUTO_INCREMENT for table `failed_jobs`
--
ALTER TABLE `failed_jobs`
  MODIFY `id` bigint(20) UNSIGNED NOT NULL AUTO_INCREMENT;

--
-- AUTO_INCREMENT for table `migrations`
--
ALTER TABLE `migrations`
  MODIFY `id` int(10) UNSIGNED NOT NULL AUTO_INCREMENT, AUTO_INCREMENT=17;

--
-- AUTO_INCREMENT for table `pengaduan`
--
ALTER TABLE `pengaduan`
  MODIFY `id_pengaduan` bigint(20) UNSIGNED NOT NULL AUTO_INCREMENT, AUTO_INCREMENT=35;

--
-- AUTO_INCREMENT for table `permissions`
--
ALTER TABLE `permissions`
  MODIFY `id` bigint(20) UNSIGNED NOT NULL AUTO_INCREMENT;

--
-- AUTO_INCREMENT for table `roles`
--
ALTER TABLE `roles`
  MODIFY `id` bigint(20) UNSIGNED NOT NULL AUTO_INCREMENT, AUTO_INCREMENT=5;

--
-- AUTO_INCREMENT for table `tanggapan`
--
ALTER TABLE `tanggapan`
  MODIFY `id_tanggapan` bigint(20) UNSIGNED NOT NULL AUTO_INCREMENT, AUTO_INCREMENT=2;

--
-- AUTO_INCREMENT for table `users`
--
ALTER TABLE `users`
  MODIFY `id` bigint(20) UNSIGNED NOT NULL AUTO_INCREMENT, AUTO_INCREMENT=16;

--
-- Constraints for dumped tables
--

--
-- Constraints for table `pengaduan`
--
ALTER TABLE `pengaduan`
  ADD CONSTRAINT `pengaduan_id_user_foreign` FOREIGN KEY (`id_user`) REFERENCES `users` (`id`) ON DELETE CASCADE ON UPDATE CASCADE;

--
-- Constraints for table `permission_role`
--
ALTER TABLE `permission_role`
  ADD CONSTRAINT `permission_role_permission_id_foreign` FOREIGN KEY (`permission_id`) REFERENCES `permissions` (`id`) ON DELETE CASCADE ON UPDATE CASCADE,
  ADD CONSTRAINT `permission_role_role_id_foreign` FOREIGN KEY (`role_id`) REFERENCES `roles` (`id`) ON DELETE CASCADE ON UPDATE CASCADE;

--
-- Constraints for table `permission_user`
--
ALTER TABLE `permission_user`
  ADD CONSTRAINT `permission_user_permission_id_foreign` FOREIGN KEY (`permission_id`) REFERENCES `permissions` (`id`) ON DELETE CASCADE ON UPDATE CASCADE;

--
-- Constraints for table `role_user`
--
ALTER TABLE `role_user`
  ADD CONSTRAINT `role_user_role_id_foreign` FOREIGN KEY (`role_id`) REFERENCES `roles` (`id`) ON DELETE CASCADE ON UPDATE CASCADE;

--
-- Constraints for table `tanggapan`
--
ALTER TABLE `tanggapan`
  ADD CONSTRAINT `tanggapan_id_pengaduan_foreign` FOREIGN KEY (`id_pengaduan`) REFERENCES `pengaduan` (`id_pengaduan`) ON DELETE CASCADE ON UPDATE CASCADE,
  ADD CONSTRAINT `tanggapan_id_petugas_foreign` FOREIGN KEY (`id_petugas`) REFERENCES `users` (`id`);
COMMIT;

/*!40101 SET CHARACTER_SET_CLIENT=@OLD_CHARACTER_SET_CLIENT */;
/*!40101 SET CHARACTER_SET_RESULTS=@OLD_CHARACTER_SET_RESULTS */;
/*!40101 SET COLLATION_CONNECTION=@OLD_COLLATION_CONNECTION */;
